filename,class,width,height,xmin,ymin,xmax,ymax
opencv_frame_1420.png,TextButton,832,832,56.95938491821289,152.61898803710938,183.70179748535156,188.58236694335938
opencv_frame_1420.png,Icon,832,832,46.891639709472656,37.963417053222656,70.44772338867188,52.55406951904297
opencv_frame_1420.png,ExitButton,832,832,308.22967529296875,36.064788818359375,328.9838562011719,52.61513137817383
opencv_frame_1420.png,Icon,832,832,308.1805419921875,36.27435302734375,329.56524658203125,52.912776947021484
opencv_frame_1420.png,TextButton,832,832,191.06497192382812,154.88491821289062,308.19659423828125,186.29135131835938
