xmin,ymin,xmax,ymax,confidence,class,name
88.25141906738281,309.7356262207031,377.1001892089844,343.684814453125,0.8957947492599487,12,TextButton
