filename,class,width,height,xmin,ymin,xmax,ymax
opencv_frame_504.png,Icon,832,832,220.590576171875,227.47836303710938,251.08978271484375,255.80020141601562
opencv_frame_504.png,TextButton,832,832,162.0190887451172,132.62289428710938,313.1239929199219,168.64039611816406
opencv_frame_504.png,Icon,832,832,92.3435287475586,13.293359756469727,105.42449951171875,24.411386489868164
