filename,class,width,height,xmin,ymin,xmax,ymax
opencv_frame_2.png,Checkpoint1,832,832,517.7918701171875,546.8154296875,639.5446166992188,715.1793823242188
opencv_frame_2.png,Checkpoint5,832,832,577.8574829101562,450.6128845214844,633.611328125,521.313720703125
