xmin,ymin,xmax,ymax,confidence,class,name
711.976318359375,671.4090576171875,829.2972412109375,789.2985229492188,0.370685338973999,4,Checkpoint5
